"Message",Low,"Avvio della compilazione .NET Native"
"Message",Low,""
"Message",Low,""
"Message",Low,"Attività ""Gatekeeper"""
"Message",Normal,"Avvio di 'C:\Program Files (x86)\Microsoft SDKs\UWPNuGetPackages\runtime.win10-x86.microsoft.net.native.compiler\2.2.1\tools\x86\ilc\ilc.exe --gatekeeper @""C:\Condivisi\4H\NAO\KeyboardReader\KeyboardReader\obj\x86\Release\ilc\intermediate\gkargs.rsp""'"
"Message",Low,"Microsoft (R) .NET Native Gatekeeper versione 2.2.27015.02 "
"Message",Low,"Copyright (C) Microsoft Corporation.  All rights reserved. "
"Message",Low," "
"Message",Low,"ILCTelemetry: System.ArgumentException: Could not deserialize to TelemetrySession object"
"Message",Low,"Nome parametro: serializedSession ---> System.Runtime.Serialization.SerializationException: Errore durante la deserializzazione dell'oggetto di tipo Microsoft.VisualStudio.Telemetry.TelemetrySessionSettings. Previsto token '""'. Trovato 'I'. ---> System.Xml.XmlException: Previsto token '""'. Trovato 'I'."
"Message",Low,"   in System.Xml.XmlExceptionHelper.ThrowXmlException(XmlDictionaryReader reader, String res, String arg1, String arg2, String arg3)"
"Message",Low,"   in System.Runtime.Serialization.Json.XmlJsonReader.ReadServerTypeAttribute(Boolean consumedObjectChar)"
"Message",Low,"   in System.Runtime.Serialization.Json.XmlJsonReader.ReadAttributes()"
"Message",Low,"   in System.Runtime.Serialization.Json.XmlJsonReader.ReadNonExistentElementName(StringHandleConstStringType elementName)"
"Message",Low,"   in System.Runtime.Serialization.Json.XmlJsonReader.Read()"
"Message",Low,"   in System.Xml.XmlBaseReader.IsStartElement()"
"Message",Low,"   in System.Xml.XmlBaseReader.IsStartElement(XmlDictionaryString localName, XmlDictionaryString namespaceUri)"
"Message",Low,"   in System.Runtime.Serialization.XmlReaderDelegator.IsStartElement(XmlDictionaryString localname, XmlDictionaryString ns)"
"Message",Low,"   in System.Runtime.Serialization.XmlObjectSerializer.IsRootElement(XmlReaderDelegator reader, DataContract contract, XmlDictionaryString name, XmlDictionaryString ns)"
"Message",Low,"   in System.Runtime.Serialization.Json.DataContractJsonSerializer.InternalIsStartObject(XmlReaderDelegator reader)"
"Message",Low,"   in System.Runtime.Serialization.Json.DataContractJsonSerializer.InternalReadObject(XmlReaderDelegator xmlReader, Boolean verifyObjectName)"
"Message",Low,"   in System.Runtime.Serialization.XmlObjectSerializer.InternalReadObject(XmlReaderDelegator reader, Boolean verifyObjectName, DataContractResolver dataContractResolver)"
"Message",Low,"   in System.Runtime.Serialization.XmlObjectSerializer.ReadObjectHandleExceptions(XmlReaderDelegator reader, Boolean verifyObjectName, DataContractResolver dataContractResolver)"
"Message",Low,"   --- Fine della traccia dello stack dell'eccezione interna ---"
"Message",Low,"   in System.Runtime.Serialization.XmlObjectSerializer.ReadObjectHandleExceptions(XmlReaderDelegator reader, Boolean verifyObjectName, DataContractResolver dataContractResolver)"
"Message",Low,"   in System.Runtime.Serialization.Json.DataContractJsonSerializer.ReadObject(XmlDictionaryReader reader)"
"Message",Low,"   in System.Runtime.Serialization.Json.DataContractJsonSerializer.ReadObject(Stream stream)"
"Message",Low,"   in Microsoft.VisualStudio.Telemetry.TelemetrySessionSettings.Deserialize(String settings)"
"Message",Low,"   in Microsoft.VisualStudio.Telemetry.TelemetrySessionSettings.Parse(String serializedSession)"
"Message",Low,"   --- Fine della traccia dello stack dell'eccezione interna ---"
"Message",Low,"   in Microsoft.VisualStudio.Telemetry.TelemetrySessionSettings.Parse(String serializedSession)"
"Message",Low,"   in ILCTelemetry.Program.ReadEvents()"
"Message",Low,"   in ILCTelemetry.Program.Main(String[] args)"
"Message",Low,"Verifica dell'assembly 'C:\Condivisi\4H\NAO\KeyboardReader\KeyboardReader\obj\x86\Release\ilc\in\KeyboardServer.exe'. "
"Message",Low,"Verifica dell'assembly 'C:\Condivisi\4H\NAO\KeyboardReader\KeyboardReader\obj\x86\Release\ilc\in\KeyboardServerLibrary.dll'. "
"Message",Low,"Verifica dell'assembly 'C:\Condivisi\4H\NAO\KeyboardReader\KeyboardReader\obj\x86\Release\ilc\in\M2Mqtt.WinRT.dll'. "
"Message",Low,"Verifica dell'assembly 'C:\Condivisi\4H\NAO\KeyboardReader\KeyboardReader\obj\x86\Release\ilc\in\Newtonsoft.Json.dll'. "
"Message",Normal,"'C:\Program Files (x86)\Microsoft SDKs\UWPNuGetPackages\runtime.win10-x86.microsoft.net.native.compiler\2.2.1\tools\x86\ilc\ilc.exe --gatekeeper @""C:\Condivisi\4H\NAO\KeyboardReader\KeyboardReader\obj\x86\Release\ilc\intermediate\gkargs.rsp""' completato."
"Message",Normal,"Statistiche di esecuzione dei processi (tempi espressi in millisecondi)"
"Message",Normal,"-----------------------------------------------------------------------------"
"Message",Normal,"avvio | inizio | arresto | fine | durata | ciclo di vita | nome [slot]"
"Message",Normal,"-----------------------------------------------------------------------------"
"Message",Normal,"       0 |       31 |      375 |      375 |      344 |      375 | [0] Gatekeeper"
"Message",Normal,"Numero di comandi:      1"
"Message",Normal,"Tempo di sistema totale:       375 ms"
"Message",Normal,"Tempo di sistema per comando: 375 ms"
"Message",Normal,"Durata totale:          344 ms"
"Message",Normal,"Ciclo di vita totale:          375 ms"
"Message",Normal,"DOP richiesto:           4"
"Message",Normal,"DOP durata:            0,9"
"Message",Normal,"DOP ciclo di vita:            1,0"
"Message",Low,"L'esecuzione dell'attività ""Gatekeeper"" è stata completata."
"Message",Low,"La compilazione della destinazione ""RunGatekeeper"" nel file ""Preparation"" è stata completata."
"Message",Low,""
"Message",Low,"La compilazione della destinazione ""CreateToolchainGeneratedAssembly"" nel file ""Preparation"" è stata completata."
"Message",Low,""
"Message",Low,"Attività ""PreMergeAssemblyClosure"""
"Message",Low,"L'esecuzione dell'attività ""PreMergeAssemblyClosure"" è stata completata."
"Message",Low,"La compilazione della destinazione ""ConstructPreMergeAssemblyClosure"" nel file ""Preparation"" è stata completata."
"Message",Low,""
"Message",Low,"Attività ""McgReferenceResolveFilePath"""
"Message",Low,"L'esecuzione dell'attività ""McgReferenceResolveFilePath"" è stata completata."
"Message",Low,"La compilazione della destinazione ""PreResolveTransforms"" nel file ""Preparation"" è stata completata."
"Message",Low,""
"Message",Low,"Attività ""ResolveToolchainRequiredAssemblyRoots"""
"Message",Low,"L'esecuzione dell'attività ""ResolveToolchainRequiredAssemblyRoots"" è stata completata."
"Message",Low,"Attività ""ILTransformAssemblyClosure"""
"Message",Low,"L'esecuzione dell'attività ""ILTransformAssemblyClosure"" è stata completata."
"Message",Low,"Attività ""ResolveToolchainRequiredAssemblyRoots"""
"Message",Low,"L'esecuzione dell'attività ""ResolveToolchainRequiredAssemblyRoots"" è stata completata."
"Message",Low,"Attività ""ReducedCopyAssemblyClosure"""
"Message",Low,"L'esecuzione dell'attività ""ReducedCopyAssemblyClosure"" è stata completata."
"Message",Low,"La compilazione della destinazione ""ConstructILTransformAssemblyClosure"" nel file ""Preparation"" è stata completata."
"Message",Low,"La compilazione del progetto ""Preparation"" è stata completata."
"Message",Low,""
"Message",Low,""
"Message",High,"Elaborazione del codice dell'applicazione"
"Message",Low,"Attività ""RunILTransforms"""
"Message",Normal,"È in esecuzione la trasformazione di 'DumpNativeResources' con heap a 51 MB."
"Message",Normal,"È in esecuzione la trasformazione di 'Analysis' con heap a 13 MB."
"Message",Low,"Caricamento dei moduli di 98..."
"Message",Normal,"Direttive di reflection importate dai file di 16:"
"Message",Normal,"C:\Condivisi\4H\NAO\KeyboardReader\KeyboardReader\obj\x86\Release\ilc\in\Properties\Default.rd.xml"
"Message",Normal,"Manifesto incorporato in System.Private.Interop: Resources.System.Private.Interop.rd.xml"
"Message",Normal,"Manifesto incorporato in System.Private.WinRTInterop.CoreLib: Resources.System.Private.WinRTInterop.CoreLib.rd.xml"
"Message",Normal,"Manifesto incorporato in System.Runtime.WindowsRuntime.UI.Xaml: Resources.System.Runtime.WindowsRuntime.UI.Xaml.rd.xml"
"Message",Normal,"Manifesto incorporato in KeyboardServerLibrary: KeyboardServerLibrary.Properties.KeyboardServerLibrary.rd.xml"
"Message",Normal,"Manifesto incorporato in System.Private.CoreLib: Resources.System.Private.CoreLib.rd.xml"
"Message",Normal,"Manifesto incorporato in System.Private.Uri: Resources.System.Private.Uri.rd.xml"
"Message",Normal,"Manifesto incorporato in System.Private.Reflection.Core: System.Private.Reflection.Core.rd.xml"
"Message",Normal,"Manifesto incorporato in System.Net.Primitives: Resources.System.Net.Primitives.rd.xml"
"Message",Normal,"Manifesto incorporato in System.Private.Xml: System.Xml.Resources.System.Private.Xml.rd.xml"
"Message",Normal,"Manifesto incorporato in System.Runtime.Serialization.Formatters: System.Runtime.Serialization.Formatters.Resources.System.Runtime.Serialization.Formatters.rd.xml"
"Message",Normal,"Manifesto incorporato in System.ComponentModel.TypeConverter: System.ComponentModel.TypeConverter.Resources.System.ComponentModel.TypeConverter.rd.xml"
"Message",Normal,"Manifesto incorporato in System.Linq.Expressions: System.Linq.Expressions.Resources.System.Linq.Expressions.rd.xml"
"Message",Normal,"Manifesto incorporato in System.Runtime.Serialization.Primitives: System.Runtime.Serialization.Primitives.Resources.System.Runtime.Serialization.Primitives.rd.xml"
"Message",Normal,"Manifesto incorporato in System.Data.Common: Resources.System.Data.Common.rd.xml"
"Message",Normal,"Newtonsoft.Json"
"Message",Normal,"Radici XAML importate dai file di 1:"
"Message",Normal,"C:\Condivisi\4H\NAO\KeyboardReader\KeyboardReader\obj\x86\Release\ilc\in\KeyboardServer.xr.xml"
"Message",Normal,"È in esecuzione la trasformazione di 'Mcg' con heap a 277 MB."
"Message",High,"Calcolo della chiusura dell'applicazione e generazione del codice di interoperabilità"
"Message",High,"  Caricamento dei moduli di 98 in corso..."
"Message",Normal,"          P/Invoke 'RhpGetFuncEvalParameterBufferSize' con [DllImport(ExactSpelling=true)] è stato risolto in '[MRT]!RhpGetFuncEvalParameterBufferSize'."
"Message",Normal,"          P/Invoke 'RhpGetFuncEvalMode' con [DllImport(ExactSpelling=true)] è stato risolto in '[MRT]!RhpGetFuncEvalMode'."
"Message",Normal,"          P/Invoke 'RhpRecordDebuggeeInitiatedHandle' con [DllImport(ExactSpelling=true)] è stato risolto in '[MRT]!RhpRecordDebuggeeInitiatedHandle'."
"Message",Normal,"          P/Invoke 'RhpVerifyDebuggerCleanup' con [DllImport(ExactSpelling=true)] è stato risolto in '[MRT]!RhpVerifyDebuggerCleanup'."
"Message",Normal,"          P/Invoke 'RhpGetCurrentThread' con [DllImport(ExactSpelling=true)] è stato risolto in '[MRT]!RhpGetCurrentThread'."
"Message",Normal,"          P/Invoke 'RhWaitForPendingFinalizers' con [DllImport(ExactSpelling=true)] è stato risolto in '[MRT]!RhWaitForPendingFinalizers'."
"Message",Normal,"          P/Invoke 'RhYield' con [DllImport(ExactSpelling=true)] è stato risolto in '[MRT]!RhYield'."
"Message",Normal,"          P/Invoke 'RhFlushProcessWriteBuffers' con [DllImport(ExactSpelling=true)] è stato risolto in '[MRT]!RhFlushProcessWriteBuffers'."
"Message",Normal,"          P/Invoke 'RhCompatibleReentrantWaitAny' con [DllImport(ExactSpelling=true)] è stato risolto in '[MRT]!RhCompatibleReentrantWaitAny'."
"Message",Normal,"          P/Invoke 'RhCallDescrWorker' con [DllImport(ExactSpelling=true)] è stato risolto in '[MRT]!RhCallDescrWorker'."
"Message",Normal,"          P/Invoke '_ecvt_s' con [DllImport(ExactSpelling=true)] è stato risolto in '[MRT]!_ecvt_s'."
"Message",Normal,"          P/Invoke 'memmove' con [DllImport(ExactSpelling=true)] è stato risolto in '[MRT]!memmove'."
"Message",Normal,"          P/Invoke 'memset' con [DllImport(ExactSpelling=true)] è stato risolto in '[MRT]!memset'."
"Message",Normal,"          P/Invoke 'CallingConventionConverter_GetStubs' con [DllImport(ExactSpelling=true)] è stato risolto in '*!CallingConventionConverter_GetStubs'."
"Message",Normal,"          P/Invoke 'WindowsCreateStringReference' è stato risolto in 'WindowsCreateStringReference!api-ms-win-core-winrt-string-l1-1-0.dll' da 'SupportedAPIs.xml'."
"Message",Normal,"          P/Invoke 'GetLastError' è stato risolto in 'GetLastError!api-ms-win-core-errorhandling-l1-1-0.dll' da 'SupportedAPIs.xml'."
"Message",Normal,"          P/Invoke 'SetLastError' è stato risolto in 'SetLastError!api-ms-win-core-errorhandling-l1-1-0.dll' da 'SupportedAPIs.xml'."
"Message",Normal,"          P/Invoke 'RoInitialize' è stato risolto in 'RoInitialize!api-ms-win-core-winrt-l1-1-0.dll' da 'SupportedAPIs.xml'."
"Message",Normal,"          P/Invoke 'IsValidLocaleName' è stato risolto in 'IsValidLocaleName!api-ms-win-core-localization-l1-2-0.dll' da 'SupportedAPIs.xml'."
"Message",Normal,"          P/Invoke 'ResolveLocaleName' è stato risolto in 'ResolveLocaleName!api-ms-win-core-localization-l1-2-0.dll' da 'SupportedAPIs.xml'."
"Message",Normal,"          P/Invoke 'select' è stato risolto in 'select!ws2_32.dll' da 'SupportedAPIs.xml'."
"Message",Normal,"          P/Invoke 'select' è stato risolto in 'select!ws2_32.dll' da 'SupportedAPIs.xml'."
"Message",Normal,"          P/Invoke 'CertDuplicateCertificateContext' è stato risolto in 'CertDuplicateCertificateContext!crypt32.dll' da 'SupportedAPIs.xml'."
"Message",Normal,"          P/Invoke 'CertGetCertificateContextProperty' è stato risolto in 'CertGetCertificateContextProperty!crypt32.dll' da 'SupportedAPIs.xml'."
"Message",Normal,"          P/Invoke 'ioctlsocket' è stato risolto in 'ioctlsocket!ws2_32.dll' da 'SupportedAPIs.xml'."
"Message",Normal,"          P/Invoke 'shutdown' è stato risolto in 'shutdown!ws2_32.dll' da 'SupportedAPIs.xml'."
"Message",Normal,"          P/Invoke 'setsockopt' è stato risolto in 'setsockopt!ws2_32.dll' da 'SupportedAPIs.xml'."
"Message",Normal,"          P/Invoke 'GetCPInfoExW' è stato risolto in 'GetCPInfoExW!kernel32.dll' da 'SupportedAPIs.xml'."
"Message",Normal,"          P/Invoke 'RoGetBufferMarshaler' è stato risolto in 'RoGetBufferMarshaler!api-ms-win-core-winrt-robuffer-l1-1-0.dll' da 'SupportedAPIs.xml'."
"Message",Normal,"          P/Invoke 'getsockopt' è stato risolto in 'getsockopt!ws2_32.dll' da 'SupportedAPIs.xml'."
"Message",Normal,"          P/Invoke 'recv' è stato risolto in 'recv!ws2_32.dll' da 'SupportedAPIs.xml'."
"Message",Normal,"          P/Invoke 'send' è stato risolto in 'send!ws2_32.dll' da 'SupportedAPIs.xml'."
"Message",Normal,"          P/Invoke 'CryptQueryObject' è stato risolto in 'CryptQueryObject!crypt32.dll' da 'SupportedAPIs.xml'."
"Message",Normal,"          P/Invoke 'CertDuplicateCertificateContext' è stato risolto in 'CertDuplicateCertificateContext!crypt32.dll' da 'SupportedAPIs.xml'."
"Message",Normal,"          P/Invoke 'CertFreeCertificateContext' è stato risolto in 'CertFreeCertificateContext!crypt32.dll' da 'SupportedAPIs.xml'."
"Message",Normal,"          P/Invoke 'getsockopt' è stato risolto in 'getsockopt!ws2_32.dll' da 'SupportedAPIs.xml'."
"Message",Normal,"          P/Invoke 'getsockopt' è stato risolto in 'getsockopt!ws2_32.dll' da 'SupportedAPIs.xml'."
"Message",Normal,"          P/Invoke 'getsockopt' è stato risolto in 'getsockopt!ws2_32.dll' da 'SupportedAPIs.xml'."
"Message",Normal,"          P/Invoke 'CryptMsgGetParam' è stato risolto in 'CryptMsgGetParam!crypt32.dll' da 'SupportedAPIs.xml'."
"Message",Normal,"          P/Invoke 'CryptMsgGetParam' è stato risolto in 'CryptMsgGetParam!crypt32.dll' da 'SupportedAPIs.xml'."
"Message",Normal,"          P/Invoke 'PFXImportCertStore' è stato risolto in 'PFXImportCertStore!crypt32.dll' da 'SupportedAPIs.xml'."
"Message",Normal,"          P/Invoke 'CryptFindOIDInfo' è stato risolto in 'CryptFindOIDInfo!crypt32.dll' da 'SupportedAPIs.xml'."
"Message",Normal,"          P/Invoke 'WSASocketW' è stato risolto in 'WSASocketW!ws2_32.dll' da 'SupportedAPIs.xml'."
"Message",Normal,"          P/Invoke 'closesocket' è stato risolto in 'closesocket!ws2_32.dll' da 'SupportedAPIs.xml'."
"Message",Normal,"          P/Invoke 'WSASocketW' è stato risolto in 'WSASocketW!ws2_32.dll' da 'SupportedAPIs.xml'."
"Message",Normal,"          P/Invoke 'CoCreateInstance' con [DllImport(ExactSpelling=true)] è stato risolto in 'api-ms-win-core-com-l1-1-0.dll!CoCreateInstance'."
"Message",Normal,"          P/Invoke 'GetCurrentProcessId' è stato risolto in 'GetCurrentProcessId!kernel32.dll' da 'SupportedAPIs.xml'."
"Message",Normal,"          P/Invoke 'CertGetCertificateContextProperty' è stato risolto in 'CertGetCertificateContextProperty!crypt32.dll' da 'SupportedAPIs.xml'."
"Message",Normal,"          P/Invoke 'CertCloseStore' è stato risolto in 'CertCloseStore!crypt32.dll' da 'SupportedAPIs.xml'."
"Message",Normal,"          P/Invoke 'CryptMsgClose' è stato risolto in 'CryptMsgClose!crypt32.dll' da 'SupportedAPIs.xml'."
"Message",Normal,"          P/Invoke 'getsockname' è stato risolto in 'getsockname!ws2_32.dll' da 'SupportedAPIs.xml'."
"Message",Normal,"          P/Invoke 'getpeername' è stato risolto in 'getpeername!ws2_32.dll' da 'SupportedAPIs.xml'."
"Message",Normal,"          P/Invoke 'CertFindCertificateInStore' è stato risolto in 'CertFindCertificateInStore!crypt32.dll' da 'SupportedAPIs.xml'."
"Message",Normal,"          P/Invoke 'CryptAcquireContextW' è stato risolto in 'CryptAcquireContextW!advapi32.dll' da 'SupportedAPIs.xml'."
"Message",Normal,"          P/Invoke 'CertEnumCertificatesInStore' è stato risolto in 'CertEnumCertificatesInStore!crypt32.dll' da 'SupportedAPIs.xml'."
"Message",Normal,"          P/Invoke 'WSAStartup' è stato risolto in 'WSAStartup!ws2_32.dll' da 'SupportedAPIs.xml'."
"Message",Normal,"          P/Invoke 'WSAGetOverlappedResult' è stato risolto in 'WSAGetOverlappedResult!ws2_32.dll' da 'SupportedAPIs.xml'."
"Message",Normal,"          P/Invoke 'SysFreeString' è stato risolto in 'SysFreeString!OleAut32' da 'SupportedAPIs.xml'."
"Message",Normal,"          P/Invoke 'WSARecv' è stato risolto in 'WSARecv!ws2_32.dll' da 'SupportedAPIs.xml'."
"Message",Normal,"          P/Invoke 'WSASend' è stato risolto in 'WSASend!ws2_32.dll' da 'SupportedAPIs.xml'."
"Message",Normal,"          P/Invoke 'FormatMessageW' è stato risolto in 'FormatMessageW!kernel32.dll' da 'SupportedAPIs.xml'."
"Message",Normal,"          P/Invoke 'gethostname' è stato risolto in 'gethostname!ws2_32.dll' da 'SupportedAPIs.xml'."
"Message",Normal,"          P/Invoke 'GetAddrInfoExW' è stato risolto in 'GetAddrInfoExW!ws2_32.dll' da 'SupportedAPIs.xml'."
"Message",Normal,"          P/Invoke 'WSAConnect' è stato risolto in 'WSAConnect!ws2_32.dll' da 'SupportedAPIs.xml'."
"Message",Normal,"          P/Invoke 'CertGetNameStringW' è stato risolto in 'CertGetNameStringW!crypt32.dll' da 'SupportedAPIs.xml'."
"Message",Normal,"          P/Invoke 'ioctlsocket' è stato risolto in 'ioctlsocket!ws2_32.dll' da 'SupportedAPIs.xml'."
"Message",Normal,"          P/Invoke 'setsockopt' è stato risolto in 'setsockopt!ws2_32.dll' da 'SupportedAPIs.xml'."
"Message",Normal,"          P/Invoke 'NCryptOpenKey' è stato risolto in 'NCryptOpenKey!ncrypt.dll' da 'SupportedAPIs.xml'."
"Message",Normal,"          P/Invoke 'FreeAddrInfoExW' è stato risolto in 'FreeAddrInfoExW!ws2_32.dll' da 'SupportedAPIs.xml'."
"Message",Normal,"          P/Invoke 'bind' è stato risolto in 'bind!ws2_32.dll' da 'SupportedAPIs.xml'."
"Message",Normal,"          P/Invoke 'setsockopt' è stato risolto in 'setsockopt!ws2_32.dll' da 'SupportedAPIs.xml'."
"Message",Normal,"          P/Invoke 'setsockopt' è stato risolto in 'setsockopt!ws2_32.dll' da 'SupportedAPIs.xml'."
"Message",Normal,"          P/Invoke 'NCryptDeleteKey' è stato risolto in 'NCryptDeleteKey!ncrypt.dll' da 'SupportedAPIs.xml'."
"Message",Normal,"          P/Invoke 'FormatMessageW' è stato risolto in 'FormatMessageW!kernel32.dll' da 'SupportedAPIs.xml'."
"Message",Normal,"          P/Invoke 'NCryptOpenStorageProvider' è stato risolto in 'NCryptOpenStorageProvider!ncrypt.dll' da 'SupportedAPIs.xml'."
"Message",Normal,"          P/Invoke 'RevertToSelf' è stato risolto in 'RevertToSelf!advapi32.dll' da 'SupportedAPIs.xml'."
"Message",Normal,"          P/Invoke 'ImpersonateLoggedOnUser' è stato risolto in 'ImpersonateLoggedOnUser!advapi32.dll' da 'SupportedAPIs.xml'."
"Message",Normal,"          P/Invoke 'WSAIoctl' è stato risolto in 'WSAIoctl!ws2_32.dll' da 'SupportedAPIs.xml'."
"Message",Normal,"          P/Invoke 'GetCurrentThread' è stato risolto in 'GetCurrentThread!kernel32.dll' da 'SupportedAPIs.xml'."
"Message",Normal,"          P/Invoke 'OpenThreadToken' è stato risolto in 'OpenThreadToken!advapi32.dll' da 'SupportedAPIs.xml'."
"Message",Normal,"          P/Invoke 'GetCurrentProcess' è stato risolto in 'GetCurrentProcess!kernel32.dll' da 'SupportedAPIs.xml'."
"Message",Normal,"          P/Invoke 'OpenProcessToken' è stato risolto in 'OpenProcessToken!advapi32.dll' da 'SupportedAPIs.xml'."
"Message",Normal,"          P/Invoke 'WSASocketW' è stato risolto in 'WSASocketW!ws2_32.dll' da 'SupportedAPIs.xml'."
"Message",Normal,"          P/Invoke 'closesocket' è stato risolto in 'closesocket!ws2_32.dll' da 'SupportedAPIs.xml'."
"Message",Normal,"          P/Invoke 'SetFileCompletionNotificationModes' è stato risolto in 'SetFileCompletionNotificationModes!kernel32.dll' da 'SupportedAPIs.xml'."
"Message",Normal,"          P/Invoke 'GetNameInfoW' è stato risolto in 'GetNameInfoW!ws2_32.dll' da 'SupportedAPIs.xml'."
"Message",Normal,"          P/Invoke 'BCryptGenRandom' è stato risolto in 'BCryptGenRandom!BCrypt.dll' da 'SupportedAPIs.xml'."
"Message",Normal,"          P/Invoke 'NCryptFreeObject' è stato risolto in 'NCryptFreeObject!ncrypt.dll' da 'SupportedAPIs.xml'."
"Message",Normal,"          P/Invoke 'CloseHandle' è stato risolto in 'CloseHandle!kernel32.dll' da 'SupportedAPIs.xml'."
"Message",Normal,"          P/Invoke 'GetAddrInfoW' è stato risolto in 'GetAddrInfoW!ws2_32.dll' da 'SupportedAPIs.xml'."
"Message",Normal,"          P/Invoke 'LsaGetLogonSessionData' è stato risolto in 'LsaGetLogonSessionData!sspicli.dll' da 'SupportedAPIs.xml'."
"Message",Normal,"          P/Invoke 'FormatMessageW' è stato risolto in 'FormatMessageW!kernel32.dll' da 'SupportedAPIs.xml'."
"Message",Normal,"          P/Invoke 'LsaNtStatusToWinError' è stato risolto in 'LsaNtStatusToWinError!advapi32.dll' da 'SupportedAPIs.xml'."
"Message",Normal,"          P/Invoke 'DuplicateTokenEx' è stato risolto in 'DuplicateTokenEx!advapi32.dll' da 'SupportedAPIs.xml'."
"Message",Normal,"          P/Invoke 'CheckTokenMembershipEx' è stato risolto in 'CheckTokenMembershipEx!kernel32.dll' da 'SupportedAPIs.xml'."
"Message",Normal,"          P/Invoke 'freeaddrinfo' è stato risolto in 'freeaddrinfo!ws2_32.dll' da 'SupportedAPIs.xml'."
"Message",Normal,"          P/Invoke 'LsaFreeReturnBuffer' è stato risolto in 'LsaFreeReturnBuffer!sspicli.dll' da 'SupportedAPIs.xml'."
"Message",Normal,"          P/Invoke 'GetTokenInformation' è stato risolto in 'GetTokenInformation!advapi32.dll' da 'SupportedAPIs.xml'."
"Message",Normal,"          P/Invoke 'LocalAlloc' è stato risolto in 'LocalAlloc!kernel32.dll' da 'SupportedAPIs.xml'."
"Message",Normal,"          P/Invoke 'LocalFree' è stato risolto in 'LocalFree!kernel32.dll' da 'SupportedAPIs.xml'."
"Message",Normal,"          P/Invoke 'FormatMessageW' è stato risolto in 'FormatMessageW!kernel32.dll' da 'SupportedAPIs.xml'."
"Message",Normal,"          P/Invoke 'GetTokenInformation' è stato risolto in 'GetTokenInformation!advapi32.dll' da 'SupportedAPIs.xml'."
"Message",Normal,"          P/Invoke 'DuplicateHandle' è stato risolto in 'DuplicateHandle!kernel32.dll' da 'SupportedAPIs.xml'."
"Message",Normal,"          P/Invoke 'LsaLookupSids' è stato risolto in 'LsaLookupSids!advapi32.dll' da 'SupportedAPIs.xml'."
"Message",Normal,"          P/Invoke 'LsaLookupNames2' è stato risolto in 'LsaLookupNames2!advapi32.dll' da 'SupportedAPIs.xml'."
"Message",Normal,"          P/Invoke 'LsaOpenPolicy' è stato risolto in 'LsaOpenPolicy!advapi32.dll' da 'SupportedAPIs.xml'."
"Message",Normal,"          P/Invoke 'LsaClose' è stato risolto in 'LsaClose!advapi32.dll' da 'SupportedAPIs.xml'."
"Message",Normal,"          P/Invoke 'LsaFreeMemory' è stato risolto in 'LsaFreeMemory!advapi32.dll' da 'SupportedAPIs.xml'."
"Message",Normal,"          P/Invoke 'CertGetNameStringW' è stato risolto in 'CertGetNameStringW!crypt32.dll' da 'SupportedAPIs.xml'."
"Message",Normal,"          P/Invoke 'listen' è stato risolto in 'listen!ws2_32.dll' da 'SupportedAPIs.xml'."
"Message",Normal,"          P/Invoke 'CryptGetKeyParam' è stato risolto in 'CryptGetKeyParam!advapi32.dll' da 'SupportedAPIs.xml'."
"Message",Normal,"          P/Invoke 'CryptFindOIDInfo' è stato risolto in 'CryptFindOIDInfo!crypt32.dll' da 'SupportedAPIs.xml'."
"Message",Normal,"          P/Invoke 'CryptGetDefaultProviderW' è stato risolto in 'CryptGetDefaultProviderW!advapi32.dll' da 'SupportedAPIs.xml'."
"Message",Normal,"          P/Invoke 'CryptAcquireContextW' è stato risolto in 'CryptAcquireContextW!advapi32.dll' da 'SupportedAPIs.xml'."
"Message",Normal,"          P/Invoke 'CryptGetUserKey' è stato risolto in 'CryptGetUserKey!advapi32.dll' da 'SupportedAPIs.xml'."
"Message",Normal,"          P/Invoke 'CertGetCertificateChain' è stato risolto in 'CertGetCertificateChain!crypt32.dll' da 'SupportedAPIs.xml'."
"Message",Normal,"          P/Invoke 'CertNameToStrW' è stato risolto in 'CertNameToStrW!crypt32.dll' da 'SupportedAPIs.xml'."
"Message",Normal,"          P/Invoke 'CryptFormatObject' è stato risolto in 'CryptFormatObject!crypt32.dll' da 'SupportedAPIs.xml'."
"Message",Normal,"          P/Invoke 'CryptGetProvParam' è stato risolto in 'CryptGetProvParam!advapi32.dll' da 'SupportedAPIs.xml'."
"Message",Normal,"          P/Invoke 'CryptDestroyKey' è stato risolto in 'CryptDestroyKey!advapi32.dll' da 'SupportedAPIs.xml'."
"Message",Normal,"          P/Invoke 'CryptFormatObject' è stato risolto in 'CryptFormatObject!crypt32.dll' da 'SupportedAPIs.xml'."
"Message",Normal,"          P/Invoke 'accept' è stato risolto in 'accept!ws2_32.dll' da 'SupportedAPIs.xml'."
"Message",Normal,"          P/Invoke 'CryptImportPublicKeyInfoEx2' è stato risolto in 'CryptImportPublicKeyInfoEx2!crypt32.dll' da 'SupportedAPIs.xml'."
"Message",Normal,"          P/Invoke 'BCryptExportKey' è stato risolto in 'BCryptExportKey!BCrypt.dll' da 'SupportedAPIs.xml'."
"Message",Normal,"          P/Invoke 'CryptDecodeObject' è stato risolto in 'CryptDecodeObject!crypt32.dll' da 'SupportedAPIs.xml'."
"Message",Normal,"          P/Invoke 'CryptReleaseContext' è stato risolto in 'CryptReleaseContext!advapi32.dll' da 'SupportedAPIs.xml'."
"Message",Normal,"          P/Invoke 'CertFreeCertificateChain' è stato risolto in 'CertFreeCertificateChain!crypt32.dll' da 'SupportedAPIs.xml'."
"Message",Normal,"          P/Invoke 'GetNetworkParams' è stato risolto in 'GetNetworkParams!iphlpapi.dll' da 'SupportedAPIs.xml'."
"Message",Normal,"          P/Invoke 'LocalAlloc' è stato risolto in 'LocalAlloc!kernel32.dll' da 'SupportedAPIs.xml'."
"Message",Normal,"          P/Invoke 'CertVerifyCertificateChainPolicy' è stato risolto in 'CertVerifyCertificateChainPolicy!crypt32.dll' da 'SupportedAPIs.xml'."
"Message",Normal,"          P/Invoke 'CertAddCertificateLinkToStore' è stato risolto in 'CertAddCertificateLinkToStore!crypt32.dll' da 'SupportedAPIs.xml'."
"Message",Normal,"          P/Invoke 'FormatMessageW' è stato risolto in 'FormatMessageW!kernel32.dll' da 'SupportedAPIs.xml'."
"Message",Normal,"          P/Invoke 'BCryptGetProperty' è stato risolto in 'BCryptGetProperty!BCrypt.dll' da 'SupportedAPIs.xml'."
"Message",Normal,"          P/Invoke 'NCryptImportKey' è stato risolto in 'NCryptImportKey!ncrypt.dll' da 'SupportedAPIs.xml'."
"Message",Normal,"          P/Invoke 'NCryptGetProperty' è stato risolto in 'NCryptGetProperty!ncrypt.dll' da 'SupportedAPIs.xml'."
"Message",Normal,"          P/Invoke 'CryptImportKey' è stato risolto in 'CryptImportKey!advapi32.dll' da 'SupportedAPIs.xml'."
"Message",Normal,"          P/Invoke 'CryptSetProvParam' è stato risolto in 'CryptSetProvParam!advapi32.dll' da 'SupportedAPIs.xml'."
"Message",Normal,"          P/Invoke 'BCryptDestroyKey' è stato risolto in 'BCryptDestroyKey!BCrypt.dll' da 'SupportedAPIs.xml'."
"Message",Normal,"          P/Invoke 'LocalFree' è stato risolto in 'LocalFree!kernel32.dll' da 'SupportedAPIs.xml'."
"Message",Normal,"          P/Invoke 'CertControlStore' è stato risolto in 'CertControlStore!crypt32.dll' da 'SupportedAPIs.xml'."
"Message",Normal,"          P/Invoke 'CertOpenStore' è stato risolto in 'CertOpenStore!crypt32.dll' da 'SupportedAPIs.xml'."
"Message",Normal,"          P/Invoke 'NCryptSetProperty' è stato risolto in 'NCryptSetProperty!ncrypt.dll' da 'SupportedAPIs.xml'."
"Message",Normal,"          P/Invoke 'CryptDecodeObject' è stato risolto in 'CryptDecodeObject!crypt32.dll' da 'SupportedAPIs.xml'."
"Message",Normal,"          P/Invoke 'CryptSetProvParam' è stato risolto in 'CryptSetProvParam!advapi32.dll' da 'SupportedAPIs.xml'."
"Message",Normal,"          P/Invoke 'CryptFindOIDInfo' è stato risolto in 'CryptFindOIDInfo!crypt32.dll' da 'SupportedAPIs.xml'."
"Message",Normal,"          P/Invoke 'CryptGenKey' è stato risolto in 'CryptGenKey!advapi32.dll' da 'SupportedAPIs.xml'."
"Message",Normal,"          P/Invoke 'CertVerifyCertificateChainPolicy' è stato risolto in 'CertVerifyCertificateChainPolicy!crypt32.dll' da 'SupportedAPIs.xml'."
"Message",Normal,"          P/Invoke 'CertFindExtension' è stato risolto in 'CertFindExtension!crypt32.dll' da 'SupportedAPIs.xml'."
"Message",Normal,"          P/Invoke 'CertGetValidUsages' è stato risolto in 'CertGetValidUsages!crypt32.dll' da 'SupportedAPIs.xml'."
"Message",Normal,"          P/Invoke 'CertGetIntendedKeyUsage' è stato risolto in 'CertGetIntendedKeyUsage!crypt32.dll' da 'SupportedAPIs.xml'."
"Message",Normal,"          P/Invoke 'CertEnumCertificatesInStore' è stato risolto in 'CertEnumCertificatesInStore!crypt32.dll' da 'SupportedAPIs.xml'."
"Message",Normal,"          P/Invoke 'BCryptCreateHash' è stato risolto in 'BCryptCreateHash!BCrypt.dll' da 'SupportedAPIs.xml'."
"Message",Normal,"          P/Invoke 'BCryptGetProperty' è stato risolto in 'BCryptGetProperty!BCrypt.dll' da 'SupportedAPIs.xml'."
"Message",Normal,"          P/Invoke 'CertVerifyTimeValidity' è stato risolto in 'CertVerifyTimeValidity!crypt32.dll' da 'SupportedAPIs.xml'."
"Message",Normal,"          P/Invoke 'CertFreeCertificateContext' è stato risolto in 'CertFreeCertificateContext!crypt32.dll' da 'SupportedAPIs.xml'."
"Message",Normal,"          P/Invoke 'EncryptMessage' è stato risolto in 'EncryptMessage!sspicli.dll' da 'SupportedAPIs.xml'."
"Message",Normal,"          P/Invoke 'DecryptMessage' è stato risolto in 'DecryptMessage!sspicli.dll' da 'SupportedAPIs.xml'."
"Message",Normal,"          P/Invoke 'BCryptOpenAlgorithmProvider' è stato risolto in 'BCryptOpenAlgorithmProvider!BCrypt.dll' da 'SupportedAPIs.xml'."
"Message",Normal,"          P/Invoke 'BCryptCloseAlgorithmProvider' è stato risolto in 'BCryptCloseAlgorithmProvider!BCrypt.dll' da 'SupportedAPIs.xml'."
"Message",Normal,"          P/Invoke 'BCryptDestroyHash' è stato risolto in 'BCryptDestroyHash!BCrypt.dll' da 'SupportedAPIs.xml'."
"Message",Normal,"          P/Invoke 'EnumerateSecurityPackagesW' è stato risolto in 'EnumerateSecurityPackagesW!sspicli.dll' da 'SupportedAPIs.xml'."
"Message",Normal,"          P/Invoke 'QueryContextAttributesW' è stato risolto in 'QueryContextAttributesW!sspicli.dll' da 'SupportedAPIs.xml'."
"Message",Normal,"          P/Invoke 'ApplyControlToken' è stato risolto in 'ApplyControlToken!sspicli.dll' da 'SupportedAPIs.xml'."
"Message",Normal,"          P/Invoke 'FreeContextBuffer' è stato risolto in 'FreeContextBuffer!sspicli.dll' da 'SupportedAPIs.xml'."
"Message",Normal,"          P/Invoke 'AcceptSecurityContext' è stato risolto in 'AcceptSecurityContext!sspicli.dll' da 'SupportedAPIs.xml'."
"Message",Normal,"          P/Invoke 'DeleteSecurityContext' è stato risolto in 'DeleteSecurityContext!sspicli.dll' da 'SupportedAPIs.xml'."
"Message",Normal,"          P/Invoke 'InitializeSecurityContextW' è stato risolto in 'InitializeSecurityContextW!sspicli.dll' da 'SupportedAPIs.xml'."
"Message",Normal,"          P/Invoke 'AcquireCredentialsHandleW' è stato risolto in 'AcquireCredentialsHandleW!sspicli.dll' da 'SupportedAPIs.xml'."
"Message",Normal,"          P/Invoke 'FreeCredentialsHandle' è stato risolto in 'FreeCredentialsHandle!sspicli.dll' da 'SupportedAPIs.xml'."
"Message",High,"  Generazione del codice in corso..."
"Message",High,"  Codice di interoperabilità generato."
"Message",Normal,"  Scrittura del codice in AssemblyInfo.g.cs completata"
"Message",Normal,"  Scrittura del codice in Adapters.g.cs completata"
"Message",Normal,"  Scrittura del codice in Data.g.cs completata"
"Message",Normal,"  Scrittura del codice in Helpers.g.cs completata"
"Message",Normal,"  Scrittura del codice in ImplTypes.g.cs completata"
"Message",Normal,"  Scrittura del codice in PInvoke.g.cs completata"
"Message",Normal,"  Scrittura del codice in SafeTypes.g.cs completata"
"Message",Normal,"  Scrittura del codice in SharedStubs.g.cs completata"
"Message",Normal,"È in esecuzione la trasformazione di 'GenerateCodeAndCompile' con heap a 295 MB."
"Message",High,"Compilazione del codice di interoperabilità"
"Message",Normal,"Compilazione del codice sorgente generato: C:\Program Files (x86)\Microsoft SDKs\UWPNuGetPackages\microsoft.net.native.compiler\2.2.1\tools\csc\csc.exe /noconfig @""C:\Condivisi\4H\NAO\KeyboardReader\KeyboardReader\obj\x86\Release\ilc\intermediate\KeyboardServer.McgInterop.rsp"""
"Message",High,"Generazione del codice proxy di System.Reflection.DispatchProxy."
"Message",Normal,"È in esecuzione la trasformazione di 'ReducedCopyInitialize' con heap a 295 MB."
"Message",Normal,"È in esecuzione la trasformazione di 'ReducedCopyEmptyTypes' con heap a 322 MB."
"Message",Normal,"È in esecuzione la trasformazione di 'ReducedCopyPopulateTypes' con heap a 327 MB."
"Message",Normal,"È in esecuzione la trasformazione di 'ReducedCopyLateMetadata' con heap a 358 MB."
"Message",Normal,"È in esecuzione la trasformazione di 'ReducedCopyPassResourcesToMutableAssembly' con heap a 380 MB."
"Message",Normal,"È in esecuzione la trasformazione di 'ReducedCopyMethodBodies' con heap a 382 MB."
"Message",Normal,"È in esecuzione la trasformazione di 'ReducedCopyComplete' con heap a 345 MB."
"Message",Normal,"È in esecuzione la trasformazione di 'ReducedCopyCleanup' con heap a 398 MB."
"Message",Normal,"È in esecuzione la trasformazione di 'DeveloperExperienceModeOnlyCodeRemover' con heap a 398 MB."
"Message",Normal,"È in esecuzione la trasformazione di 'ComImportDetector' con heap a 398 MB."
"Message",Normal,"È in esecuzione la trasformazione di 'McgAccessor' con heap a 398 MB."
"Message",Normal,"È in esecuzione la trasformazione di 'McgRedirect' con heap a 399 MB."
"Message",Normal,"È in esecuzione la trasformazione di 'McgRedirect' con heap a 405 MB."
"Message",Normal,"È in esecuzione la trasformazione di 'McgTypeOf' con heap a 405 MB."
"Message",Normal,"È in esecuzione la trasformazione di 'EventSource' con heap a 415 MB."
"Message",Normal,"È in esecuzione la trasformazione di 'ValueType' con heap a 415 MB."
"Message",Normal,"È in esecuzione la trasformazione di 'Attribute' con heap a 415 MB."
"Message",Normal,"È in esecuzione la trasformazione di 'GetType' con heap a 416 MB."
"Message",Normal,"È in esecuzione la trasformazione di 'McgFixups' con heap a 417 MB."
"Message",Normal,"È in esecuzione la trasformazione di 'ResourceManagerCtor' con heap a 418 MB."
"Message",Normal,"È in esecuzione la trasformazione di 'TypeofTypeHandle' con heap a 418 MB."
"Message",Normal,"È in esecuzione la trasformazione di 'DispatchProxyIntrinsics' con heap a 424 MB."
"Message",Normal,"È in esecuzione la trasformazione di 'StaticInitData' con heap a 424 MB."
"Message",Normal,"È in esecuzione la trasformazione di 'Delegate' con heap a 377 MB."
"Message",Normal,"È in esecuzione la trasformazione di 'LazyGenerics' con heap a 379 MB."
"Message",Normal,"È in esecuzione la trasformazione di 'AddReflectionBlockedAttributes' con heap a 408 MB."
"Message",Normal,"È in esecuzione la trasformazione di 'DisableOptimization' con heap a 408 MB."
"Message",Normal,"È in esecuzione la trasformazione di 'ResourceExtractor' con heap a 408 MB."
"Message",Normal,"È in esecuzione la trasformazione di 'CreateMetadata' con heap a 409 MB."
"Message",Normal,"È in esecuzione la trasformazione di 'StartupCodeInjector' con heap a 448 MB."
"Message",Normal,"È in esecuzione la trasformazione di 'SaveRVAStatics' con heap a 448 MB."
"Message",Normal,"È in esecuzione la trasformazione di 'ReflectionInvoke' con heap a 450 MB."
"Message",Normal,"È in esecuzione la trasformazione di 'ScrubOpenCalls' con heap a 452 MB."
"Message",Normal,"È in esecuzione la trasformazione di 'ConvertCatchIntoFilter' con heap a 452 MB."
"Message",Normal,"È in esecuzione la trasformazione di 'ReflectionMappingInfoEmit' con heap a 452 MB."
"Message",Normal,"È in esecuzione la trasformazione di 'ReflectionIntrinsics' con heap a 455 MB."
"Message",Normal,"È in esecuzione la trasformazione di 'ConvertManagedWinMD' con heap a 456 MB."
"Message",Normal,"È in esecuzione la trasformazione di 'DebuggerGuidedStepThroughJmc' con heap a 456 MB."
"Message",Normal,"È in esecuzione la trasformazione di 'Reducer' con heap a 460 MB."
"Message",High,"Pulizia del codice senza riferimenti"
"Message",Normal,"È in esecuzione la trasformazione di 'WriteAssemblies' con heap a 513 MB."
"Message",Normal,""
"Message",Normal,"Riepilogo trasformazione"
"Message",Normal,"    ms | delta heap | nome"
"Message",Normal," 13227 |        264 | Analysis"
"Message",Normal,"  3290 |         -2 | WriteAssemblies"
"Message",Normal,"  2892 |          0 | GenerateCodeAndCompile"
"Message",Normal,"  2185 |         53 | Reducer"
"Message",Normal,"  1814 |         18 | Mcg"
"Message",Normal,"   556 |        -37 | ReducedCopyMethodBodies"
"Message",Normal,"   514 |          1 | ResourceExtractor"
"Message",Normal,"   493 |         27 | ReducedCopyInitialize"
"Message",Normal,"   405 |         53 | ReducedCopyComplete"
"Message",Normal,"   335 |         39 | CreateMetadata"
"Message",Normal,"   316 |        -47 | StaticInitData"
"Message",Normal,"   224 |         31 | ReducedCopyPopulateTypes"
"Message",Normal,"   217 |        -38 | DumpNativeResources"
"Message",Normal,"   162 |         10 | McgTypeOf"
"Message",Normal,"   159 |         29 | LazyGenerics"
"Message",Normal,"   141 |         22 | ReducedCopyLateMetadata"
"Message",Normal,"   131 |          6 | McgRedirect"
"Message",Normal,"    84 |          0 | McgRedirect"
"Message",Normal,"    71 |          6 | TypeofTypeHandle"
"Message",Normal,"    29 |          2 | SaveRVAStatics"
"Message",Normal,"    28 |          1 | GetType"
"Message",Normal,"    20 |          5 | ReducedCopyEmptyTypes"
"Message",Normal,"    17 |          4 | DebuggerGuidedStepThroughJmc"
"Message",Normal,"    15 |          0 | DispatchProxyIntrinsics"
"Message",Normal,"    14 |          0 | ScrubOpenCalls"
"Message",Normal,"    12 |          1 | ReflectionIntrinsics"
"Message",Normal,"    11 |          1 | McgAccessor"
"Message",Normal,"     9 |          1 | McgFixups"
"Message",Normal,"     7 |          2 | Delegate"
"Message",Normal,"     7 |          2 | ReflectionInvoke"
"Message",Normal,"     5 |          0 | ConvertCatchIntoFilter"
"Message",Normal,"     4 |          0 | ValueType"
"Message",Normal,"     4 |          3 | ReflectionMappingInfoEmit"
"Message",Normal,"     3 |          0 | ReducedCopyCleanup"
"Message",Normal,"     3 |          1 | Attribute"
"Message",Normal,"     3 |          0 | EventSource"
"Message",Normal,"     3 |          2 | ReducedCopyPassResourcesToMutableAssembly"
"Message",Normal,"     3 |          0 | StartupCodeInjector"
"Message",Normal,"     2 |          0 | AddReflectionBlockedAttributes"
"Message",Normal,"     0 |          0 | DisableOptimization"
"Message",Normal,"     0 |          0 | DeveloperExperienceModeOnlyCodeRemover"
"Message",Normal,"     0 |          0 | ConvertManagedWinMD"
"Message",Normal,"     0 |          0 | ResourceManagerCtor"
"Message",Normal,"     0 |          0 | ComImportDetector"
"Message",Low,"L'esecuzione dell'attività ""RunILTransforms"" è stata completata."
"Message",Low,"La compilazione della destinazione ""RunILTransforms"" nel file ""ILTransforms"" è stata completata."
"Message",Low,"La compilazione del progetto ""ILTransforms"" è stata completata."
"Message",Low,""
"Message",Low,""
"Message",Low,"La compilazione della destinazione ""GenerateMDIL"" nel file ""Nutc"" è stata completata."
"Message",Low,""
"Message",High,"Generazione del codice nativo"
"Message",Low,"La compilazione della destinazione ""MDILPrepareMultiFile"" nel file ""Nutc"" è stata completata."
"Message",Low,""
"Message",Low,"La compilazione della destinazione ""SetBinaryForReferences"" nel file ""Nutc"" è stata completata."
"Message",Low,""
"Message",Low,"Attività ""GenerateMDILGlobalAnalysis"""
"Message",Normal,"Avvio di 'C:\Program Files (x86)\Microsoft SDKs\UWPNuGetPackages\runtime.win10-x86.microsoft.net.native.compiler\2.2.1\tools\x86\ilc\Tools\nutc_driver.exe @""C:\Condivisi\4H\NAO\KeyboardReader\KeyboardReader\obj\x86\Release\ilc\intermediate\MDIL\KeyboardServer.rsp""'"
"Message",Low,"Microsoft (R) MDIL Compiler - Version 2.2.27015.02"
"Message",Low,"Copyright (c) Microsoft Corporation.  All rights reserved."
"Message",Low,"Analisi dei tipi di input"
"Message",Low,"Analisi dei metodi di 11423."
"Message",Low,"Analisi dei metodi di 8144."
"Message",Low,"Analisi dei metodi di 5147."
"Message",Low,"Analisi dei metodi di 4403."
"Message",Low,"Analisi dei metodi di 3119."
"Message",Low,"Analisi dei metodi di 2243."
"Message",Low,"Analisi dei metodi di 2287."
"Message",Low,"Analisi dei metodi di 1289."
"Message",Low,"Analisi dei metodi di 1124."
"Message",Low,"Analisi dei metodi di 914."
"Message",Low,"Analisi dei metodi di 636."
"Message",Low,"Analisi dei metodi di 580."
"Message",Low,"Analisi dei metodi di 486."
"Message",Low,"Analisi dei metodi di 452."
"Message",Low,"Analisi dei metodi di 491."
"Message",Low,"Analisi dei metodi di 319."
"Message",Low,"Analisi dei metodi di 137."
"Message",Low,"Analisi dei metodi di 126."
"Message",Low,"Analisi dei metodi di 56."
"Message",Low,"Analisi dei metodi di 16."
"Message",Low,"Analisi dei metodi di 14."
"Message",Low,"Analisi dei metodi di 2."
"Message",Low,"Analisi dei metodi di 6."
"Message",Low,"Analisi dei metodi di 12."
"Message",Low,"Analisi dei metodi di 14."
"Message",Low,"Analisi dei metodi di 13."
"Message",Low,"Generazione di codice eager"
"Message",Low,"Compilazione dei metodi di 43453."
"Message",Low,"Generazione di codice posticipata"
"Message",Low,"Compilazione dei metodi di 7."
"Message",Low,"Compilazione dei metodi di 5."
"Message",Low,"Compilazione dei metodi di 2."
"Message",Low,"La chiamata al metodo gestito Initialize è riuscita. Codice di uscita: 0 durante la generazione di CTL.Statistiche dei metadati dell'analisi dello stack"
"Message",Low,"Numero di metodi creati:   23417"
"Message",Low,"Dimensione del BLOB dei metadati:          489361"
"Message",Low,"Dimensione del mapping RVA-token del metodo: 187336"
"Message",Low,"Dimensione nativa totale:          676697"
"Message",Low,"Generazione di 'C:\Condivisi\4H\NAO\KeyboardReader\KeyboardReader\obj\x86\Release\ilc\intermediate\MDIL\KeyboardServer.mdilexe' completata"
"Message",Low,"Generazione di 'C:\Condivisi\4H\NAO\KeyboardReader\KeyboardReader\obj\x86\Release\ilc\intermediate\MDIL\KeyboardServer.mdilpdb' completata"
"Message",Low,"Compilazione eseguita nel codice MDIL."
"Message",Normal,"'C:\Program Files (x86)\Microsoft SDKs\UWPNuGetPackages\runtime.win10-x86.microsoft.net.native.compiler\2.2.1\tools\x86\ilc\Tools\nutc_driver.exe @""C:\Condivisi\4H\NAO\KeyboardReader\KeyboardReader\obj\x86\Release\ilc\intermediate\MDIL\KeyboardServer.rsp""' completato."
"Message",Normal,"Statistiche di esecuzione dei processi (tempi espressi in millisecondi)"
"Message",Normal,"-----------------------------------------------------------------------------"
"Message",Normal,"avvio | inizio | arresto | fine | durata | ciclo di vita | nome [slot]"
"Message",Normal,"-----------------------------------------------------------------------------"
"Message",Normal,"       0 |      109 |    48890 |    48890 |    48781 |    48890 | [0] Nutc GlobalAnalysis"
"Message",Normal,"Numero di comandi:      1"
"Message",Normal,"Tempo di sistema totale:       48890 ms"
"Message",Normal,"Tempo di sistema per comando: 48890 ms"
"Message",Normal,"Durata totale:          48781 ms"
"Message",Normal,"Ciclo di vita totale:          48890 ms"
"Message",Normal,"DOP richiesto:           4"
"Message",Normal,"DOP durata:            1,0"
"Message",Normal,"DOP ciclo di vita:            1,0"
"Message",Low,"L'esecuzione dell'attività ""GenerateMDILGlobalAnalysis"" è stata completata."
"Message",Low,"La compilazione della destinazione ""GenerateMDILGlobalAnalysis"" nel file ""Nutc"" è stata completata."
"Message",Low,""
"Message",Low,"Attività ""rc"""
"Message",Normal,"Avvio di 'C:\Program Files (x86)\Windows Kits\10\bin\10.0.17763.0\x64\rc.exe /c ""65001"" /r /fo ""C:\Condivisi\4H\NAO\KeyboardReader\KeyboardReader\obj\x86\Release\ilc\intermediate\BuildInfo\BuildInfo.res"" ""C:\Condivisi\4H\NAO\KeyboardReader\KeyboardReader\obj\x86\Release\ilc\intermediate\BuildInfo\BuildInfo.rc""'"
"Message",Low,"Microsoft (R) Windows (R) Resource Compiler Version 10.0.10011.16384"
"Message",Low,"Copyright (C) Microsoft Corporation.  All rights reserved."
"Message",Normal,"'C:\Program Files (x86)\Windows Kits\10\bin\10.0.17763.0\x64\rc.exe /c ""65001"" /r /fo ""C:\Condivisi\4H\NAO\KeyboardReader\KeyboardReader\obj\x86\Release\ilc\intermediate\BuildInfo\BuildInfo.res"" ""C:\Condivisi\4H\NAO\KeyboardReader\KeyboardReader\obj\x86\Release\ilc\intermediate\BuildInfo\BuildInfo.rc""' completato."
"Message",Normal,"Statistiche di esecuzione dei processi (tempi espressi in millisecondi)"
"Message",Normal,"-----------------------------------------------------------------------------"
"Message",Normal,"avvio | inizio | arresto | fine | durata | ciclo di vita | nome [slot]"
"Message",Normal,"-----------------------------------------------------------------------------"
"Message",Normal,"       0 |       31 |      110 |      110 |       79 |      110 | [0] rc"
"Message",Normal,"Numero di comandi:      1"
"Message",Normal,"Tempo di sistema totale:       110 ms"
"Message",Normal,"Tempo di sistema per comando: 110 ms"
"Message",Normal,"Durata totale:          79 ms"
"Message",Normal,"Ciclo di vita totale:          110 ms"
"Message",Normal,"DOP richiesto:           4"
"Message",Normal,"DOP durata:            0,7"
"Message",Normal,"DOP ciclo di vita:            1,0"
"Message",Low,"L'esecuzione dell'attività ""rc"" è stata completata."
"Message",Low,"Attività ""ResourceBinaryConcatenate"""
"Message",Normal,"Concatenazione in 'C:\Condivisi\4H\NAO\KeyboardReader\KeyboardReader\obj\x86\Release\ilc\intermediate\Native.res' con allineamento '4'."
"Message",Normal," Aggiunta di 'C:\Condivisi\4H\NAO\KeyboardReader\KeyboardReader\obj\x86\Release\ilc\intermediate\ILTransformed\KeyboardServer.res' in corrispondenza dell'offset 0."
"Message",Normal," Aggiunta di 'C:\Condivisi\4H\NAO\KeyboardReader\KeyboardReader\obj\x86\Release\ilc\intermediate\BuildInfo\BuildInfo.res' in corrispondenza dell'offset 1432."
"Message",Low,"L'esecuzione dell'attività ""ResourceBinaryConcatenate"" è stata completata."
"Message",Low,"La compilazione della destinazione ""GenerateBuildInfo"" nel file ""Nutc"" è stata completata."
"Message",Low,"La compilazione del progetto ""Nutc"" è stata completata."
"Message",Low,""
"Message",Low,""
"Message",Low,"La compilazione della destinazione ""MDILBindPrepare"" nel file ""Binder"" è stata completata."
"Message",Low,""
"Message",High,"Generazione delle correzioni per il codice nativo"
"Message",Low,"Attività ""MDILBind"""
"Message",Normal,"Avvio di 'C:\Program Files (x86)\Microsoft SDKs\UWPNuGetPackages\runtime.win10-x86.microsoft.net.native.compiler\2.2.1\tools\x86\ilc\Tools\rhbind.exe @""C:\Condivisi\4H\NAO\KeyboardReader\KeyboardReader\obj\x86\Release\ilc\intermediate\rhbindargs.KeyboardServer.rsp""'"
"Message",Low,"VERSIONE SO: principale: 6  secondaria: 2"
"Message",Low,"MDIL: C:\Condivisi\4H\NAO\KeyboardReader\KeyboardReader\obj\x86\Release\ilc\intermediate\MDIL\KeyboardServer.mdilexe"
"Message",Low,"MDILPDB: C:\Condivisi\4H\NAO\KeyboardReader\KeyboardReader\obj\x86\Release\ilc\intermediate\MDIL\KeyboardServer.mdilpdb"
"Message",Low,"IL: C:\Condivisi\4H\NAO\KeyboardReader\KeyboardReader\obj\x86\Release\ilc\intermediate\MDIL\KeyboardServer.ilexe"
"Message",Low,"NI: C:\Condivisi\4H\NAO\KeyboardReader\KeyboardReader\obj\x86\Release\ilc\intermediate\Native\KeyboardServer.dll"
"Message",Low,"SHIM: C:\Condivisi\4H\NAO\KeyboardReader\KeyboardReader\obj\x86\Release\ilc\intermediate\Native\KeyboardServer.exe"
"Message",Low,"REDHAWK_RUNTIME_DLL_NAME_A=mrt100_app.dll"
"Message",Low,"File PDB: C:\Condivisi\4H\NAO\KeyboardReader\KeyboardReader\obj\x86\Release\ilc\intermediate\Native\KeyboardServer.pdb"
"Message",Low,"C:\Condivisi\4H\NAO\KeyboardReader\KeyboardReader\obj\x86\Release\ilc\intermediate\Native\KeyboardServer.dll prodotto in 3.254 secondi"
"Message",Normal,"'C:\Program Files (x86)\Microsoft SDKs\UWPNuGetPackages\runtime.win10-x86.microsoft.net.native.compiler\2.2.1\tools\x86\ilc\Tools\rhbind.exe @""C:\Condivisi\4H\NAO\KeyboardReader\KeyboardReader\obj\x86\Release\ilc\intermediate\rhbindargs.KeyboardServer.rsp""' completato."
"Message",Normal,"Statistiche di esecuzione dei processi (tempi espressi in millisecondi)"
"Message",Normal,"-----------------------------------------------------------------------------"
"Message",Normal,"avvio | inizio | arresto | fine | durata | ciclo di vita | nome [slot]"
"Message",Normal,"-----------------------------------------------------------------------------"
"Message",Normal,"       0 |      109 |     3406 |     3406 |     3297 |     3406 | [0] rhbind KeyboardServer"
"Message",Normal,"Numero di comandi:      1"
"Message",Normal,"Tempo di sistema totale:       3406 ms"
"Message",Normal,"Tempo di sistema per comando: 3406 ms"
"Message",Normal,"Durata totale:          3297 ms"
"Message",Normal,"Ciclo di vita totale:          3406 ms"
"Message",Normal,"DOP richiesto:           4"
"Message",Normal,"DOP durata:            1,0"
"Message",Normal,"DOP ciclo di vita:            1,0"
"Message",Low,"L'esecuzione dell'attività ""MDILBind"" è stata completata."
"Message",Low,"La compilazione della destinazione ""MDILBind"" nel file ""Binder"" è stata completata."
"Message",Low,"La compilazione del progetto ""Binder"" è stata completata."
"Message",Low,""
"Message",Low,""
"Message",Low,"La compilazione della destinazione ""CopyNativeExecutablesToOutput"" nel file ""Deployment"" è stata completata."
"Message",Low,""
"Message",Low,"Attività ""TransformAppxManifest"""
"Message",Low,"L'esecuzione dell'attività ""TransformAppxManifest"" è stata completata."
"Message",Low,"La compilazione della destinazione ""TransformAppxManifestAndAddCrt"" nel file ""Deployment"" è stata completata."
"Message",Low,""
"Message",Low,"La compilazione della destinazione ""CopyPackageResourceFileInRetailBuild"" nel file ""Deployment"" è stata completata."
"Message",Low,"La compilazione del progetto ""Deployment"" è stata completata."
"Message",Low,"La compilazione è stata completata"
